year,reef,in/out,position,core,top/bot,sand,silt,clay,volume (cm3),total mass,sand mass,silt mass,clay mass,sample weight,weight lost,%om
1,1,IN,0,1,Top,61.6717,19.0243,19.3040,39.26,51.40,31.6993,9.7785,9.9223,2.9765,0.0567,1.9049
1,1,IN,0,2,Top,60.8029,15.4786,23.7186,39.26,61.60,37.4546,9.5348,14.6106,3.0179,0.0634,2.1008
1,1,IN,0,3,Top,57.5433,16.1133,26.3434,39.26,41.20,23.7078,6.6387,10.8535,2.9916,0.0591,1.9755
1,1,IN,0,4,Top,57.2975,19.1504,23.5521,39.26,56.00,32.0866,10.7242,13.1892,2.9754,0.0465,1.5628
1,1,IN,0,5,Top,52.7221,18.4709,28.8070,39.26,36.10,19.0327,6.6680,10.3993,2.9487,0.0667,2.2620
1,1,IN,0,1,Bot,62.7071,14.4733,22.8196,117.81,141.10,88.4798,20.4218,32.1985,2.9960,0.0841,2.8071
1,1,IN,0,2,Bot,52.5669,16.0196,31.4135,117.81,151.90,79.8491,24.3338,47.7171,2.9629,0.0749,2.5279
1,1,IN,0,3,Bot,44.8346,22.9366,32.2288,117.81,128.10,57.4332,29.3817,41.2851,2.9774,0.0771,2.5895
1,1,IN,0,4,Bot,47.4069,23.0336,29.5595,117.81,109.90,52.1001,25.3139,32.4859,2.9892,0.0812,2.7164
1,1,IN,0,5,Bot,49.6829,19.9690,30.3481,117.81,135.60,67.3700,27.0780,41.1520,2.9634,0.0723,2.4398
1,1,IN,12,1,Top,54.9528,16.9322,28.1151,39.26,42.20,23.1901,7.1454,11.8646,2.9976,0.0756,2.5220
1,1,IN,12,2,Top,49.5907,18.7022,31.7071,39.26,40.60,20.1338,7.5931,12.8731,2.9545,0.0698,2.3625
1,1,IN,12,3,Top,42.7196,23.5015,33.7789,39.26,41.10,17.5578,9.6591,13.8831,2.9642,0.0639,2.1557
1,1,IN,12,4,Top,41.8858,21.5374,36.5769,39.26,28.50,11.9375,6.1381,10.4244,2.9600,0.0535,1.8074
1,1,IN,12,5,Top,33.7773,23.1047,43.1179,39.26,28.90,9.7617,6.6773,12.4611,2.9780,0.0721,2.4211
1,1,IN,12,1,Bot,54.3711,19.0865,26.5424,117.81,118.70,64.5385,22.6557,31.5058,2.9516,0.0708,2.3987
1,1,IN,12,2,Bot,42.3301,25.0683,32.6016,117.81,123.10,52.1084,30.8590,40.1326,2.9695,0.0873,2.9399
1,1,IN,12,3,Bot,50.5777,14.0973,35.3250,117.81,77.40,39.1471,10.9113,27.3415,2.9953,0.0771,2.5740
1,1,IN,12,4,Bot,53.3735,18.1104,28.5161,117.81,145.10,77.4450,26.2781,41.3769,3.0009,0.0759,2.5292
1,1,IN,12,5,Bot,39.2641,28.0952,32.6407,117.81,143.60,56.3833,40.3447,46.8720,2.9522,0.0729,2.4693
1,1,IN,19,1,Top,43.8631,25.1929,30.9440,39.26,44.80,19.6507,11.2864,13.8629,3.0182,0.0678,2.2464
1,1,IN,19,2,Top,46.5340,19.2929,34.1731,39.26,36.90,17.1711,7.1191,12.6099,2.9713,0.0653,2.1977
1,1,IN,19,3,Top,51.8455,19.4875,28.6670,39.26,49.10,25.4561,9.5684,14.0755,3.0327,0.0740,2.4401
1,1,IN,19,4,Top,51.0717,19.7562,29.1721,39.26,48.40,24.7187,9.5620,14.1193,2.9724,0.0464,1.5610
1,1,IN,19,5,Top,50.5801,21.0014,28.4185,39.26,47.60,24.0761,9.9967,13.5272,2.9777,0.0689,2.3139
1,1,IN,19,1,Bot,45.0398,22.4377,32.5226,117.81,117.30,52.8316,26.3194,38.1490,2.9934,0.0954,3.1870
1,1,IN,19,2,Bot,46.8024,19.1961,34.0014,117.81,116.10,54.3376,22.2867,39.4757,2.9626,0.0986,3.3282
1,1,IN,19,3,Bot,45.7596,21.0903,33.1500,117.81,118.70,54.3167,25.0342,39.3491,2.9550,0.0971,3.2860
1,1,IN,19,4,Bot,41.3921,22.8714,35.7365,117.81,129.20,53.4786,29.5499,46.1716,2.9833,0.0866,2.9028
1,1,IN,19,5,Bot,48.3319,19.8543,31.8138,117.81,125.50,60.6565,24.9172,39.9263,3.0242,0.0853,2.8206
1,1,IN,27,1,Top,41.9862,23.7578,34.2560,39.26,38.30,16.0807,9.0992,13.1201,2.9594,0.0801,2.7066
1,1,IN,27,2,Top,45.0941,20.9427,33.9632,39.26,45.80,20.6531,9.5918,15.5551,2.9792,0.0760,2.5510
1,1,IN,27,3,Top,57.1830,19.4557,23.3613,39.26,49.60,28.3628,9.6500,11.5872,3.0102,0.0577,1.9168
1,1,IN,27,4,Top,45.9091,22.2935,31.7974,39.26,43.20,19.8327,9.6308,13.7365,2.9806,0.0846,2.8384
1,1,IN,27,5,Top,42.4187,25.6130,31.9683,39.26,39.30,16.6706,10.0659,12.5635,3.0239,0.0708,2.3413
1,1,IN,27,1,Bot,49.0170,19.1124,31.8706,117.81,141.80,69.5061,27.1014,45.1925,2.9785,0.0882,2.9612
1,1,IN,27,2,Bot,42.6632,21.1283,36.2085,117.81,121.20,51.7078,25.6075,43.8847,2.9643,0.0879,2.9653
1,1,IN,27,3,Bot,48.8755,25.0216,26.1029,117.81,137.50,67.2038,34.4047,35.8915,2.9620,0.0747,2.5219
1,1,IN,27,4,Bot,50.9898,17.1333,31.8769,117.81,126.40,64.4512,21.6564,40.2924,2.9714,0.0743,2.5005
1,1,IN,27,5,Bot,43.5824,23.2156,33.2020,117.81,114.70,49.9891,26.6283,38.0826,2.9435,0.0942,3.2003
1,1,OUT,0,1,Top,55.6621,27.6530,16.6849,39.26,37.00,20.5950,10.2316,6.1734,2.9586,0.0595,2.0111
1,1,OUT,0,2,Top,57.6528,27.0217,15.3255,39.26,43.50,25.0790,11.7545,6.6666,2.9595,0.0570,1.9260
1,1,OUT,0,3,Top,54.7094,25.1239,20.1667,39.26,30.80,16.8505,7.7382,6.2113,2.9685,0.0614,2.0684
1,1,OUT,0,4,Top,44.9701,34.2219,20.8080,39.26,48.90,21.9904,16.7345,10.1751,2.9710,0.0425,1.4305
1,1,OUT,0,5,Top,46.3238,34.1046,19.5717,39.26,31.30,14.4993,10.6747,6.1259,3.0052,0.0519,1.7270
1,1,OUT,0,1,Bot,52.3758,25.3737,22.2504,117.81,104.10,54.5233,26.4141,23.1627,2.9652,0.0590,1.9897
1,1,OUT,0,2,Bot,47.3438,29.3892,23.2670,117.81,116.00,54.9188,34.0915,26.9897,3.0121,0.0771,2.5597
1,1,OUT,0,3,Bot,53.4667,24.3272,22.2061,117.81,119.30,63.7858,29.0223,26.4919,2.9552,0.0754,2.5514
1,1,OUT,0,4,Bot,48.3323,27.3252,24.3425,117.81,103.00,49.7822,28.1450,25.0728,2.9839,0.0697,2.3359
1,1,OUT,0,5,Bot,47.3858,29.3657,23.2484,117.81,124.50,58.9954,36.5604,28.9443,1.9778,0.0492,2.4876
1,1,OUT,12,1,Top,53.0666,29.2215,17.7119,39.26,43.30,22.9778,12.6529,7.6693,2.9636,0.0580,1.9571
1,1,OUT,12,2,Top,60.0310,23.2163,16.7527,39.26,39.60,23.7723,9.1937,6.6341,2.9633,0.0705,2.3791
1,1,OUT,12,3,Top,54.7517,26.8492,18.3990,39.26,41.80,22.8862,11.2230,7.6908,2.9743,0.0536,1.8021
1,1,OUT,12,4,Top,57.9566,25.9439,16.0994,39.26,41.20,23.8781,10.6889,6.6330,2.9513,0.0739,2.5040
1,1,OUT,12,5,Top,53.5099,28.0734,18.4167,39.26,41.60,22.2601,11.6786,7.6613,2.9622,0.0578,1.9513
1,1,OUT,12,1,Bot,61.2242,21.4159,17.3599,117.81,123.50,75.6119,26.4487,21.4395,2.9678,0.0628,2.1160
1,1,OUT,12,2,Bot,58.3752,24.3988,17.2260,117.81,133.80,78.1060,32.6456,23.0484,2.9658,0.0853,2.8761
1,1,OUT,12,3,Bot,53.2993,24.4147,22.2860,117.81,139.10,74.1393,33.9609,30.9998,2.9954,0.0562,1.8762
1,1,OUT,12,4,Bot,56.3202,24.4656,19.2142,117.81,138.10,77.7782,33.7870,26.5348,2.9776,0.0761,2.5557
1,1,OUT,12,5,Bot,47.2422,28.3677,24.3900,117.81,124.70,58.9111,35.3746,30.4144,2.9726,0.0731,2.4591
1,1,OUT,19,1,Top,39.3543,29.4119,31.2339,39.26,37.50,14.7579,11.0294,11.7127,2.9962,0.0766,2.5566
1,1,OUT,19,2,Top,47.7582,25.9555,26.2863,39.26,44.60,21.3001,11.5761,11.7237,2.9562,0.0666,2.2529
1,1,OUT,19,3,Top,51.6072,21.6821,26.7107,39.26,42.00,21.6750,9.1065,11.2185,2.9704,0.0717,2.4138
1,1,OUT,19,4,Top,51.8574,21.3348,26.8078,39.26,49.00,25.4101,10.4540,13.1358,3.1811,0.0488,1.5341
1,1,OUT,19,5,Top,52.9691,20.5505,26.4803,39.26,45.90,24.3128,9.4327,12.1545,2.9636,0.0670,2.2608
1,1,OUT,19,1,Bot,45.5063,24.4881,30.0056,117.81,133.10,60.5689,32.5936,39.9375,2.9611,0.0749,2.5295
1,1,OUT,19,2,Bot,39.2883,25.5978,35.1139,117.81,103.10,40.5062,26.3914,36.2024,2.9585,0.0829,2.8021
1,1,OUT,19,3,Bot,42.0718,27.7491,30.1791,117.81,114.40,48.1302,31.7449,34.5249,2.9657,0.0754,2.5424
1,1,OUT,19,4,Bot,49.2700,22.6991,28.0308,117.81,126.30,62.2281,28.6690,35.4029,2.9596,0.0703,2.3753
1,1,OUT,19,5,Bot,44.7802,23.4487,31.7710,117.81,129.40,57.9456,30.3427,41.1117,2.9771,0.0889,2.9861
1,1,OUT,27,1,Top,57.9898,13.7924,28.2179,39.26,46.60,27.0232,6.4272,13.1495,2.9698,0.0626,2.1079
1,1,OUT,27,2,Top,50.2457,18.8774,30.8769,39.26,39.30,19.7466,7.4188,12.1346,3.0786,0.0540,1.7540
1,1,OUT,27,3,Top,46.7662,22.0226,31.2112,39.26,35.80,16.7423,7.8841,11.1736,2.9924,0.0808,2.7002
1,1,OUT,27,4,Top,43.9671,25.0651,30.9678,39.26,37.60,16.5316,9.4245,11.6439,2.9735,0.0736,2.4752
1,1,OUT,27,5,Top,53.6881,19.5841,26.7278,39.26,45.60,24.4818,8.9304,12.1879,3.0106,0.0766,2.5443
1,1,OUT,27,1,Bot,38.0293,27.8536,34.1172,117.81,112.30,42.7069,31.2796,38.3136,2.9756,0.0616,2.0702
1,1,OUT,27,2,Bot,36.8709,28.8517,34.2774,117.81,122.50,45.1669,35.3433,41.9899,3.1189,0.0705,2.2604
1,1,OUT,27,3,Bot,42.6933,23.9018,33.4049,117.81,109.50,46.7492,26.1724,36.5784,2.9977,0.0976,3.2558
1,1,OUT,27,4,Bot,41.7058,27.9649,30.3294,117.81,125.80,52.4658,35.1798,38.1543,3.1607,0.1022,3.2335
1,1,OUT,27,5,Bot,53.5964,18.0287,28.3749,117.81,124.70,66.8347,22.4818,35.3835,2.9804,0.0761,2.5533
1,2,IN,0,1,Top,44.4635,24.8591,30.6774,39.26,30.17,13.4146,7.5000,9.2554,2.9898,0.0531,1.7760
1,2,IN,0,2,Top,46.7969,22.7519,30.4512,39.26,35.32,16.5287,8.0360,10.7554,2.9819,0.0614,2.0591
1,2,IN,0,3,Top,59.8037,16.0732,24.1231,39.26,40.44,24.1846,6.5000,9.7554,2.9929,0.0438,1.4635
1,2,IN,0,4,Top,42.1050,25.1046,32.7904,39.26,35.85,15.0946,9.0000,11.7554,3.0578,0.0565,1.8477
1,2,IN,0,5,Top,56.9218,20.2042,22.8740,39.26,47.02,26.7646,9.5000,10.7554,2.9935,0.0432,1.4431
1,2,IN,0,1,Bot,40.8089,27.8496,31.3415,117.81,129.80,52.9699,36.1488,40.6813,3.0338,0.0636,2.0964
1,2,IN,0,2,Bot,53.6609,20.8436,25.4954,117.81,134.20,72.0130,27.9721,34.2149,2.9965,0.0735,2.4529
1,2,IN,0,3,Bot,42.7558,25.8402,31.4040,117.81,132.40,56.6087,34.2124,41.5789,3.1004,0.0638,2.0578
1,2,IN,0,4,Bot,42.6300,25.9688,31.4011,117.81,126.20,53.7991,32.7727,39.6282,3.0959,0.0776,2.5065
1,2,IN,0,5,Bot,45.7024,26.9300,27.3676,117.81,120.70,55.1628,32.5045,33.0327,2.9834,0.1070,3.5865
1,2,IN,12,1,Top,39.4201,28.8254,31.7545,39.26,41.63,16.4106,12.0000,13.2194,3.0184,0.0626,2.0739
1,2,IN,12,2,Top,32.2820,28.3159,39.4021,39.26,33.55,10.8306,9.5000,13.2194,3.0018,0.0639,2.1287
1,2,IN,12,3,Top,37.1495,24.0045,38.8460,39.26,35.41,13.1546,8.5000,13.7554,3.0074,0.0620,2.0616
1,2,IN,12,4,Top,40.6464,25.3821,33.9715,39.26,31.66,12.8687,8.0360,10.7554,2.9582,0.0762,2.5759
1,2,IN,12,5,Top,38.0496,24.2003,37.7501,39.26,31.14,11.8487,7.5360,11.7554,2.9850,0.0889,2.9782
1,2,IN,12,1,Bot,39.8262,28.8385,31.3353,117.81,107.30,42.7335,30.9437,33.6227,2.9645,0.0690,2.3275
1,2,IN,12,2,Bot,45.7105,22.9480,31.3415,117.81,132.90,60.7492,30.4979,41.6528,2.9664,0.0717,2.4171
1,2,IN,12,3,Bot,51.6975,19.9562,28.3463,117.81,135.20,69.8950,26.9808,38.3242,2.9923,0.0760,2.5399
1,2,IN,12,4,Bot,43.2983,25.6663,31.0353,117.81,125.90,54.5126,32.3139,39.0735,3.0793,0.0701,2.2765
1,2,IN,12,5,Bot,45.6875,20.9072,33.4054,117.81,139.50,63.7340,29.1655,46.6005,3.0551,0.0827,2.7069
1,2,IN,19,1,Top,44.0610,26.7176,29.2213,39.26,34.48,15.1922,9.2122,10.0755,2.9803,0.0603,2.0233
1,2,IN,19,2,Top,38.8909,23.8537,37.2554,39.26,28.29,11.0022,6.7482,10.5396,3.0286,0.0462,1.5255
1,2,IN,19,3,Top,49.7134,22.1404,28.1462,39.26,39.35,19.5622,8.7122,11.0755,3.0389,0.0489,1.6091
1,2,IN,19,4,Top,46.5223,26.2464,27.2313,39.26,40.54,18.8602,10.6403,11.0396,3.0382,0.0508,1.6720
1,2,IN,19,5,Top,45.5417,25.4717,28.9866,39.26,39.81,18.1302,10.1403,11.5396,3.0133,0.0518,1.7190
1,2,IN,19,1,Bot,38.5273,28.9017,32.5710,117.81,120.80,46.5410,34.9132,39.3458,2.9894,0.0706,2.3617
1,2,IN,19,2,Bot,45.8029,27.1990,26.9981,117.81,137.30,62.8874,37.3442,37.0684,3.0736,0.0662,2.1538
1,2,IN,19,3,Bot,41.0646,29.0713,29.8641,117.81,121.30,49.8114,35.2635,36.2251,3.0406,0.0847,2.7856
1,2,IN,19,4,Bot,35.7174,29.2455,35.0371,117.81,118.70,42.3966,34.7144,41.5890,3.0171,0.0671,2.2240
1,2,IN,19,5,Bot,36.7534,32.7050,30.5416,117.81,119.80,44.0306,39.1806,36.5888,3.0102,0.0598,1.9866
1,2,IN,27,1,Top,47.7468,25.6455,26.6077,39.26,41.49,19.8102,10.6403,11.0396,2.9790,0.0575,1.9302
1,2,IN,27,2,Top,54.9225,21.5596,23.5179,39.26,40.41,22.1942,8.7122,9.5036,2.9825,0.0781,2.6186
1,2,IN,27,3,Top,45.9607,25.9202,28.1191,39.26,39.26,18.0442,10.1763,11.0396,2.9850,0.0718,2.4054
1,2,IN,27,4,Top,41.5445,27.4737,30.9819,39.26,38.86,16.1442,10.6763,12.0396,2.9822,0.0465,1.5593
1,2,IN,27,5,Top,43.3097,27.8919,28.7985,39.26,40.07,17.3542,11.1763,11.5396,3.0178,0.0588,1.9484
1,2,IN,27,1,Bot,34.8031,32.2365,32.9604,117.81,105.0,36.5432,33.8483,34.6085,2.9448,0.1043,3.5418
1,2,IN,27,2,Bot,36.8211,27.2436,35.9354,117.81,113.8,41.9024,31.0032,40.8944,2.9656,0.0903,3.0449
1,2,IN,27,3,Bot,47.9432,21.1999,30.8569,117.81,117.8,56.4771,24.9735,36.3495,2.9748,0.0903,3.0355
1,2,IN,27,4,Bot,41.7780,27.3261,30.8959,117.81,109.1,45.5798,29.8128,33.7075,3.0113,0.0710,2.3578
1,2,IN,27,5,Bot,41.0985,26.1175,32.7840,117.81,127.3,52.3184,33.2476,41.7341,2.9831,0.0720,2.4136
1,2,OUT,0,1,Top,33.3478,28.5314,38.1208,39.26,25.77,8.5937,7.3525,9.8237,3.0061,0.0945,3.1436
1,2,OUT,0,2,Top,42.2092,24.9009,32.8900,39.26,35.84,15.1278,8.9245,11.7878,2.9825,0.0790,2.6488
1,2,OUT,0,3,Top,41.2829,22.5810,36.1361,39.26,32.72,13.5078,7.3885,11.8237,2.9974,0.0693,2.3120
1,2,OUT,0,4,Top,57.2347,18.4156,24.3497,39.26,42.25,24.1816,7.7806,10.2878,2.9781,0.0688,2.3102
1,2,OUT,0,5,Top,39.7352,24.3673,35.8974,39.26,34.13,13.5616,8.3166,12.2518,3.0125,0.0647,2.1477
1,2,OUT,0,1,Bot,34.3100,30.3548,35.3352,117.81,106.70,36.6087,32.3886,37.7027,3.0001,0.1025,3.4166
1,2,OUT,0,2,Bot,47.0644,27.5285,25.4070,117.81,132.60,62.4074,36.5028,33.6897,2.9601,0.0892,3.0134
1,2,OUT,0,3,Bot,48.2463,22.4669,29.2869,117.81,131.90,63.6368,29.6338,38.6294,2.9730,0.0966,3.2492
1,2,OUT,0,4,Bot,45.1267,23.5918,31.2815,117.81,127.40,57.4914,30.0560,39.8526,3.0001,0.0870,2.8999
1,2,OUT,0,5,Bot,43.0682,27.5340,29.3977,117.81,126.60,54.5244,34.8581,37.2175,2.9813,0.0813,2.7270
1,2,OUT,12,1,Top,39.7540,27.2832,32.9628,39.26,41.61,16.5416,11.3525,13.7158,3.0205,0.0732,2.4234
1,2,OUT,12,2,Top,38.2437,20.9594,40.7969,39.26,27.58,10.5476,5.7806,11.2518,3.0128,0.0621,2.0612
1,2,OUT,12,3,Top,45.0626,25.5927,29.3447,39.26,40.17,18.1016,10.2806,11.7878,3.0024,0.0680,2.2649
1,2,OUT,12,4,Top,42.6906,23.1724,34.1371,39.26,35.89,15.3216,8.3166,12.2518,2.9945,0.0817,2.7283
1,2,OUT,12,5,Top,45.2209,19.3005,35.4787,39.26,43.09,19.4857,8.3166,15.2878,2.9615,0.0781,2.6372
1,2,OUT,12,1,Bot,41.9747,25.6641,32.3612,117.81,109.80,46.0882,28.1792,35.5326,3.0057,0.0762,2.5352
1,2,OUT,12,2,Bot,41.3528,28.3984,30.2488,117.81,127.90,52.8902,36.3215,38.6883,3.0228,0.0755,2.4977
1,2,OUT,12,3,Bot,40.8250,24.7029,34.4721,117.81,114.30,46.6630,28.2354,39.4016,2.9875,0.0896,2.9992
1,2,OUT,12,4,Bot,50.2150,20.6140,29.1710,117.81,132.20,66.3842,27.2517,38.5641,2.9972,0.0821,2.7392
1,2,OUT,12,5,Bot,48.2176,20.5225,31.2598,117.81,128.60,62.0079,26.3920,40.2002,2.9873,0.0729,2.4403
1,2,OUT,19,1,Top,34.6630,31.9703,33.3667,39.26,28.59,9.9102,9.1403,9.5395,3.2055,0.0946,2.9512
1,2,OUT,19,2,Top,51.2036,24.4995,24.2968,39.26,49.70,25.4482,12.1763,12.0755,3.0663,0.0825,2.6905
1,2,OUT,19,3,Top,38.9860,25.1611,35.8528,39.26,36.47,14.2182,9.1763,13.0755,3.0744,0.0746,2.4265
1,2,OUT,19,4,Top,34.2117,32.2152,33.5731,39.26,37.35,12.7781,12.0324,12.5396,3.0830,0.0926,3.0036
1,2,OUT,19,5,Top,42.5031,25.0658,32.4311,39.26,34.04,14.4681,8.5324,11.0396,3.0753,0.0778,2.5298
1,2,OUT,19,1,Bot,31.3335,34.8579,33.8086,117.81,106.60,33.4015,37.1585,36.0400,3.0273,0.0995,3.2868
1,2,OUT,19,2,Bot,44.2292,26.9194,28.8514,117.81,121.80,53.8712,32.7878,35.1410,3.0348,0.1033,3.4038
1,2,OUT,19,3,Bot,42.2170,28.9918,28.7913,117.81,129.10,54.5021,37.4284,37.1695,3.0460,0.1098,3.6047
1,2,OUT,19,4,Bot,18.4013,39.9053,41.6934,117.81,93.70,17.2420,37.3912,39.0667,3.0232,0.1036,3.4268
1,2,OUT,19,5,Bot,44.5275,28.7299,26.7427,117.81,128.10,57.0397,36.8030,34.2574,3.0944,0.0764,2.4690
1,2,OUT,27,1,Top,33.0762,29.9383,36.9856,39.26,26.95,8.9140,8.0684,9.9676,3.0484,0.0799,2.6210
1,2,OUT,27,2,Top,58.2086,15.4512,26.3402,39.26,39.74,23.1321,6.1403,10.4676,3.0696,0.0801,2.6095
1,2,OUT,27,3,Top,40.1867,22.9518,36.8615,39.26,31.11,12.5021,7.1403,11.4676,3.0497,0.0874,2.8659
1,2,OUT,27,4,Top,46.8384,23.5894,29.5722,39.26,38.90,18.2202,9.1763,11.5036,3.0446,0.0710,2.3320
1,2,OUT,27,5,Top,40.2572,23.5110,36.2317,39.26,30.37,12.2261,7.1403,11.0036,2.9862,0.0985,3.2985
1,2,OUT,27,1,Bot,30.7234,30.2443,39.0323,117.81,114.40,35.1476,34.5995,44.6529,3.0263,0.0954,3.1524
1,2,OUT,27,2,Bot,59.0984,16.1003,24.8013,117.81,98.50,58.2119,15.8588,24.4293,3.0745,0.0803,2.6118
1,2,OUT,27,3,Bot,37.8913,27.2110,34.8976,117.81,117.80,44.6360,32.0546,41.1094,3.0499,0.0957,3.1378
1,2,OUT,27,4,Bot,38.8983,28.2003,32.9014,117.81,116.80,45.4332,32.9379,38.4289,3.0549,0.0879,2.8773
1,2,OUT,27,5,Bot,33.9120,29.1291,36.9589,117.81,125.70,42.6274,36.6153,46.4573,3.0642,0.1034,3.3745
1,3,IN,0,1,Top,51.5407,28.2944,20.1648,39.26,48.45,24.9715,13.7087,9.7699,3.0742,0.0614,1.9973
1,3,IN,0,2,Top,52.1704,25.1094,22.7202,39.26,40.80,21.2855,10.2446,9.2699,2.9775,0.0740,2.4853
1,3,IN,0,3,Top,56.4517,22.7689,20.7795,39.26,47.19,26.6395,10.7446,9.8058,2.9904,0.0714,2.3876
1,3,IN,0,4,Top,64.6419,20.0966,15.2615,39.26,50.44,32.6054,10.1367,7.6979,3.1280,0.0586,1.8734
1,3,IN,0,5,Top,52.0251,27.0318,20.9430,39.26,37.10,19.3013,10.0288,7.7699,3.0543,0.0541,1.7713
1,3,IN,0,1,Bot,46.5261,26.0711,27.4027,117.81,128.60,59.8326,33.5275,35.2399,2.9987,0.0811,2.7045
1,3,IN,0,2,Bot,42.0126,31.8593,26.1281,117.81,118.50,49.7849,37.7532,30.9618,3.0656,0.0905,2.9521
1,3,IN,0,3,Bot,49.4633,25.0276,25.5091,117.81,118.00,58.3667,29.5326,30.1007,3.0693,0.0970,3.1603
1,3,IN,0,4,Bot,72.4247,14.1183,13.4570,117.81,142.10,102.9155,20.0621,19.1224,3.0288,0.0578,1.9083
1,3,IN,0,5,Bot,51.5190,27.1364,21.3446,117.81,124.00,63.8836,33.6491,26.4673,3.0217,0.0715,2.3662
1,3,IN,12,1,Top,47.1628,28.7788,24.0583,39.26,40.31,19.0113,11.6008,9.6979,3.0254,0.0766,2.5319
1,3,IN,12,2,Top,46.9843,25.5059,27.5098,39.26,29.80,14.0013,7.6008,8.1979,3.1022,0.0624,2.0115
1,3,IN,12,3,Top,54.0683,21.7954,24.1363,39.26,30.12,16.2854,6.5648,7.2699,3.0447,0.0753,2.4732
1,3,IN,12,4,Top,49.7766,24.1668,26.0566,39.26,31.60,15.7294,7.6367,8.2339,2.9770,0.0962,3.2314
1,3,IN,12,5,Top,59.6533,17.7827,22.5640,39.26,31.90,19.0294,5.6727,7.1979,3.0559,0.0937,3.0662
1,3,IN,12,1,Bot,40.9428,29.8908,29.1664,117.81,108.30,44.3410,32.3718,31.5872,2.9686,0.0952,3.2069
1,3,IN,12,2,Bot,43.8005,30.9676,25.2319,117.81,120.20,52.6482,37.2230,30.3287,3.0726,0.0564,1.8356
1,3,IN,12,3,Bot,51.4451,21.1298,27.4252,117.81,122.40,62.9688,25.8628,33.5684,3.0151,0.1032,3.4228
1,3,IN,12,4,Bot,43.1793,27.3517,29.4690,117.81,122.30,52.8083,33.4511,36.0406,3.0637,0.1031,3.3652
1,3,IN,12,5,Bot,50.5447,22.1603,27.2950,117.81,116.60,58.9351,25.8389,31.8260,3.0527,0.1004,3.2889
1,3,IN,19,1,Top,47.8911,28.5167,23.5922,39.26,29.29,14.0273,8.3525,6.9102,3.0917,0.0817,2.6426
1,3,IN,19,2,Top,49.3637,25.2874,25.3490,39.26,35.15,17.3513,8.8885,8.9102,3.0177,0.0714,2.3660
1,3,IN,19,3,Top,49.8735,28.6540,21.4725,39.26,34.51,17.2113,9.8885,7.4102,3.0555,0.0655,2.1437
1,3,IN,19,4,Top,55.5009,23.6401,20.8591,39.26,35.18,19.5252,8.3166,7.3382,3.0481,0.0796,2.6115
1,3,IN,19,5,Top,49.8652,28.0451,22.0898,39.26,33.22,16.5652,9.3166,7.3382,3.0566,0.0667,2.1822
1,3,IN,19,1,Bot,47.8583,26.5112,25.6305,117.81,113.80,54.4628,30.1697,29.1675,3.0517,0.0866,2.8378
1,3,IN,19,2,Bot,40.2755,34.3275,25.3971,117.81,118.70,47.8070,40.7467,30.1463,3.0578,0.0868,2.8386
1,3,IN,19,3,Bot,44.1755,29.3441,26.4805,117.81,124.10,54.8217,36.4160,32.8623,3.0134,0.0876,2.9070
1,3,IN,19,4,Bot,44.8286,26.5294,28.6421,117.81,128.30,57.5150,34.0372,36.7478,3.0919,0.0979,3.1663
1,3,IN,19,5,Bot,43.2841,33.2553,23.4606,117.81,124.10,53.7156,41.2698,29.1146,3.0816,0.0908,2.9465
1,3,IN,27,1,Top,51.6535,27.0571,21.2894,39.26,34.30,17.7172,9.2806,7.3023,3.0589,0.0738,2.4126
1,3,IN,27,2,Top,45.7061,24.2787,30.0152,39.26,27.78,12.6972,6.7446,8.3382,3.0292,0.0662,2.1854
1,3,IN,27,3,Top,49.5027,28.3886,22.1087,39.26,30.93,15.3112,8.7806,6.8382,3.1160,0.0628,2.0154
1,3,IN,27,4,Top,49.4850,28.0395,22.4755,39.26,32.97,16.3152,9.2446,7.4102,3.0611,0.0857,2.7996
1,3,IN,27,5,Top,48.1572,26.4268,25.4160,39.26,33.09,15.9352,8.7446,8.4102,3.0440,0.0909,2.9862
1,3,IN,27,1,Bot,23.1973,44.1976,32.6051,117.81,121.60,28.2079,53.7442,39.6478,3.0562,0.1019,3.3342
1,3,IN,27,2,Bot,42.1736,33.2421,24.5843,117.81,117.60,49.5962,39.0927,28.9111,3.0737,0.1062,3.4551
1,3,IN,27,3,Bot,39.8231,31.4543,28.7227,117.81,127.30,50.6948,40.0413,36.5639,3.0730,0.0874,2.8441
1,3,IN,27,4,Bot,40.6645,33.5259,25.8097,117.81,113.10,45.9915,37.9177,29.1907,3.0376,0.1087,3.5785
1,3,IN,27,5,Bot,30.6411,33.5526,35.8063,117.81,109.60,33.5826,36.7737,39.2437,3.0633,0.1058,3.4538
1,3,OUT,0,1,Top,49.2441,30.3660,20.3898,39.26,41.97,20.6678,12.7446,8.5576,3.1063,0.0806,2.5947
1,3,OUT,0,2,Top,47.9882,28.1402,23.8715,39.26,36.15,17.3478,10.1727,8.6296,3.0340,0.0772,2.5445
1,3,OUT,0,3,Top,51.2826,24.3669,24.3505,39.26,43.80,22.4618,10.6727,10.6655,3.0638,0.0938,3.0616
1,3,OUT,0,4,Top,53.4971,25.3265,21.1764,39.26,38.05,20.3557,9.6367,8.0576,3.0702,0.0970,3.1594
1,3,OUT,0,5,Top,51.7511,26.3973,21.8515,39.26,41.78,21.6216,11.0288,9.1296,3.0572,0.0958,3.1336
1,3,OUT,0,1,Bot,49.5999,25.3150,25.0851,117.81,122.80,60.9086,31.0868,30.8045,3.0686,0.0886,2.8873
1,3,OUT,0,2,Bot,41.9156,34.0652,24.0192,117.81,111.10,46.5682,37.8465,26.6853,3.0367,0.0937,3.0856
1,3,OUT,0,3,Bot,46.6094,29.6551,23.7355,117.81,113.80,53.0416,33.7475,27.0110,3.0519,0.0954,3.1259
1,3,OUT,0,4,Bot,44.8875,28.0622,27.0503,117.81,121.40,54.4934,34.0675,32.8391,3.0784,0.1028,3.3394
1,3,OUT,0,5,Bot,53.2044,24.8906,21.9050,117.81,119.00,63.3133,29.6198,26.0669,3.0181,0.0972,3.2206
1,3,OUT,12,1,Top,46.1130,29.4502,24.4368,39.26,30.78,14.1936,9.0648,7.5217,3.0332,0.0744,2.4529
1,3,OUT,12,2,Top,49.1222,27.9673,22.9104,39.26,50.29,24.7036,14.0648,11.5217,3.0024,0.0784,2.6112
1,3,OUT,12,3,Top,51.4933,27.3492,21.1576,39.26,49.73,25.6076,13.6008,10.5217,3.0640,0.0918,2.9961
1,3,OUT,12,4,Top,44.4624,28.6160,26.9216,39.26,29.93,13.3076,8.5648,8.0576,3.0640,0.0760,2.4804
1,3,OUT,12,5,Top,51.2805,25.6428,23.0767,39.26,39.25,20.1276,10.0648,9.0576,3.1857,0.0711,2.2318
1,3,OUT,12,1,Bot,43.8787,28.0678,28.0535,117.81,125.80,55.1994,35.3093,35.2913,3.0844,0.0832,2.6974
1,3,OUT,12,2,Bot,46.8957,25.1011,28.0032,117.81,96.80,45.3950,24.2979,27.1071,3.0699,0.0647,2.1076
1,3,OUT,12,3,Bot,43.7508,29.0946,27.1546,117.81,101.80,44.5383,29.6184,27.6434,3.0154,0.0992,3.2898
1,3,OUT,12,4,Bot,41.8555,28.0835,30.0609,117.81,133.20,55.7516,37.4073,40.0412,3.0532,0.0905,2.9641
1,3,OUT,12,5,Bot,44.9417,31.0154,24.0429,117.81,109.30,49.1212,33.8998,26.2789,3.1165,0.0821,2.6344
1,3,OUT,19,1,Top,49.0579,29.0924,21.8497,39.26,32.63,16.0076,9.4928,7.1296,3.1196,0.0812,2.6029
1,3,OUT,19,2,Top,45.2566,28.9441,25.7993,39.26,33.17,15.0116,9.6008,8.5576,3.0606,0.0750,2.4505
1,3,OUT,19,3,Top,45.6173,27.1482,27.2345,39.26,33.39,15.2316,9.0648,9.0936,3.0840,0.0705,2.2860
1,3,OUT,19,4,Top,50.1326,27.0837,22.7837,39.26,35.05,17.5715,9.4928,7.9857,3.1456,0.0763,2.4256
1,3,OUT,19,5,Top,52.8247,26.2210,20.9543,39.26,38.11,20.1315,9.9928,7.9857,3.1106,0.0676,2.1732
1,3,OUT,19,1,Bot,41.1931,28.8415,29.9654,117.81,108.90,44.8593,31.4084,32.6323,3.0947,0.1234,3.9875
1,3,OUT,19,2,Bot,58.2268,22.7417,19.0315,117.81,125.50,73.0746,28.5409,23.8845,3.0545,0.1270,4.1578
1,3,OUT,19,3,Bot,41.2895,30.7844,27.9260,117.81,117.20,48.3913,36.0794,32.7293,3.0201,0.1095,3.6257
1,3,OUT,19,4,Bot,41.3930,29.7713,28.8357,117.81,112.80,46.6913,33.5821,32.5267,3.0896,0.1118,3.6186
1,3,OUT,19,5,Bot,42.5941,30.5485,26.8574,117.81,120.40,51.2832,36.7804,32.3363,3.0414,0.1083,3.5609
1,3,OUT,27,1,Top,49.5375,27.2767,23.1858,39.26,38.60,19.1215,10.5288,8.9497,3.0501,0.0786,2.5770
1,3,OUT,27,2,Top,52.5508,26.2784,21.1709,39.26,37.89,19.9115,9.9569,8.0216,3.0669,0.0579,1.8879
1,3,OUT,27,3,Top,52.4547,28.3696,19.1757,39.26,42.02,22.0415,11.9209,8.0576,3.0548,0.0618,2.0230
1,3,OUT,27,4,Top,48.0251,30.1698,21.8050,39.26,34.66,16.6455,10.4569,7.5576,3.1164,0.0721,2.3136
1,3,OUT,27,5,Top,47.1948,28.5477,24.2575,39.26,35.13,16.5795,10.0288,8.5216,3.0659,0.0646,2.1070
1,3,OUT,27,1,Bot,44.2115,27.8298,27.9587,117.81,106.60,47.1295,29.6666,29.8039,3.0703,0.0827,2.6935
1,3,OUT,27,2,Bot,47.0812,29.9140,23.0048,117.81,116.70,54.9437,34.9097,26.8466,3.0558,0.0897,2.9354
1,3,OUT,27,3,Bot,41.0968,28.8185,30.0846,117.81,109.40,44.9599,31.5275,32.9126,3.0811,0.0804,2.6095
1,3,OUT,27,4,Bot,45.6252,31.6236,22.7512,117.81,116.00,52.9252,36.6834,26.3914,3.1801,0.0820,2.5785
1,3,OUT,27,5,Bot,43.9634,26.7798,29.2567,117.81,127.50,56.0534,34.1443,37.3023,3.1035,0.0796,2.5648
2,1,IN,0,1,Top,29.9065,31.0579,39.0356,39.26,27.82,8.3200,8.6403,10.8597,3.0477,0.0687,2.2542
2,1,IN,0,2,Top,36.6248,25.1194,38.2558,39.26,32.12,11.7639,8.0684,12.2878,3.0864,0.0627,2.0315
2,1,IN,0,3,Top,35.9807,28.8580,35.1612,39.26,34.64,12.4637,9.9964,12.1799,3.1135,0.0645,2.0716
2,1,IN,0,4,Top,47.0382,21.7634,31.1984,39.26,39.04,18.3637,8.4964,12.1799,3.0992,0.0634,2.0457
2,1,IN,0,5,Top,48.3186,20.8321,30.8493,39.26,42.84,20.6997,8.9245,13.2158,3.0864,0.0583,1.8889
2,1,IN,0,1,Bot,43.8923,26.8007,29.3069,117.81,121.6,53.3731,32.5897,35.6372,3.0500,0.0663,2.1738
2,1,IN,0,2,Bot,45.1533,22.6991,32.1475,117.81,124.9,56.3965,28.3512,40.1523,3.1915,0.0898,2.8137
2,1,IN,0,3,Bot,44.1377,23.7020,32.1603,117.81,108.4,47.8453,25.6930,34.8618,3.1036,0.0691,2.2264
2,1,IN,0,4,Bot,43.0796,25.7511,31.1693,117.81,113.1,48.7230,29.1245,35.2525,3.0965,0.0701,2.2638
2,1,IN,0,5,Bot,55.2570,18.6845,26.0584,117.81,131.50,72.6630,24.5702,34.2669,3.1084,0.0649,2.0879
2,1,IN,12,1,Top,40.9412,26.6884,32.3704,39.26,39.06,15.9916,10.4245,12.6439,3.1073,0.0797,2.5649
2,1,IN,12,2,Top,20.8298,44.6155,34.5547,39.26,32.25,6.7176,14.3885,11.1439,3.1819,0.0648,2.0365
2,1,IN,12,3,Top,31.6837,27.4483,40.8680,39.26,27.18,8.6116,7.4605,11.1079,3.1225,0.0627,2.0080
2,1,IN,12,4,Top,34.6515,29.2323,36.1163,39.26,32.24,11.1716,9.4245,11.6439,3.0876,0.0865,2.8015
2,1,IN,12,5,Top,35.0321,28.2041,36.7638,39.26,31.77,11.1297,8.9604,11.6799,3.1140,0.0690,2.2158
2,1,IN,12,1,Bot,44.4417,24.6011,30.9573,117.81,122.50,54.4410,30.1363,37.9226,3.0943,0.0774,2.5014
2,1,IN,12,2,Bot,43.7375,22.9561,33.3064,117.81,119.10,52.0913,27.3407,39.6679,3.1435,0.0686,2.1823
2,1,IN,12,3,Bot,43.8496,24.9032,31.2472,117.81,126.30,55.3820,31.4527,39.4652,3.1471,0.0767,2.4372
2,1,IN,12,4,Bot,34.7127,27.9649,37.3224,117.81,91.40,31.7275,25.5599,34.1127,3.1100,0.0702,2.2572
2,1,IN,12,5,Bot,35.7861,30.9287,33.2852,117.81,113.90,40.7604,35.2278,37.9118,3.0942,0.0717,2.3172
2,1,IN,19,1,Top,50.3334,25.0038,24.6628,39.26,51.69,26.0173,12.9245,12.7482,3.0693,0.0609,1.9842
2,1,IN,19,2,Top,47.0676,27.9854,24.9470,39.26,41.08,19.3354,11.4964,10.2482,3.3920,0.0742,2.1875
2,1,IN,19,3,Top,39.4358,30.6831,29.8811,39.26,30.95,12.2054,9.4964,9.2482,3.2250,0.0890,2.7597
2,1,IN,19,4,Top,45.9809,24.0159,30.0031,39.26,37.61,17.2934,9.0324,11.2842,3.2487,0.0801,2.4656
2,1,IN,19,5,Top,35.4457,29.8667,34.6876,39.26,25.22,8.9394,7.5324,8.7482,3.2277,0.0742,2.2989
2,1,IN,19,1,Bot,41.4956,31.9944,26.5100,117.81,121.00,50.2096,38.7132,32.0771,3.1353,0.0918,2.9279
2,1,IN,19,2,Bot,46.9095,25.7255,27.3651,117.81,132.90,62.3427,34.1892,36.3682,3.1241,0.0834,2.6696
2,1,IN,19,3,Bot,24.2275,39.4280,36.3445,117.81,125.40,30.3813,49.4427,45.5760,3.1287,0.0836,2.6720
2,1,IN,19,4,Bot,39.8234,30.7977,29.3789,117.81,115.70,46.0757,35.6329,33.9914,3.1758,0.0780,2.4561
2,1,IN,19,5,Bot,47.9141,25.7562,26.3297,117.81,143.60,68.8046,36.9860,37.8094,3.1609,0.0784,2.4803
2,1,IN,27,1,Top,45.9228,26.0977,27.9796,39.26,41.86,19.2233,10.9245,11.7122,3.1107,0.0795,2.5557
2,1,IN,27,2,Top,31.5899,29.7822,38.6278,39.26,25.05,7.9133,7.4605,9.6763,3.0818,0.0744,2.4142
2,1,IN,27,3,Top,42.7802,25.6116,31.6083,39.26,38.75,16.5773,9.9245,12.2482,3.0843,0.0791,2.5646
2,1,IN,27,4,Top,39.5979,27.3408,33.0612,39.26,32.51,12.8733,8.8885,10.7482,3.1277,0.0843,2.6953
2,1,IN,27,5,Top,36.6688,25.5799,37.7513,39.26,31.12,11.4113,7.9605,11.7482,3.1246,0.0898,2.8740
2,1,IN,27,1,Bot,45.1687,25.6846,29.1467,117.81,125.80,56.8222,32.3113,36.6665,3.1719,0.0641,2.0209
2,1,IN,27,2,Bot,46.7132,25.8228,27.4640,117.81,133.60,62.4089,34.4992,36.6919,3.0713,0.0548,1.7843
2,1,IN,27,3,Bot,40.7005,25.8382,33.4613,117.81,109.60,44.6077,28.3187,36.6736,3.1359,0.0777,2.4778
2,1,IN,27,4,Bot,41.3786,30.0588,28.5626,117.81,115.90,47.9578,34.8381,33.1041,3.0779,0.0809,2.6284
2,1,IN,27,5,Bot,39.8961,24.8583,35.2455,117.81,116.00,46.2795,28.8356,40.8848,3.0872,0.0628,2.0342
2,1,OUT,0,1,Top,37.0623,32.5477,30.3899,39.26,29.84,11.0594,9.7122,9.0684,3.1264,0.0572,1.8296
2,1,OUT,0,2,Top,48.5745,22.3885,29.0370,39.26,36.52,17.7394,8.1763,10.6043,3.1352,0.0691,2.2040
2,1,OUT,0,3,Top,41.2668,25.7151,33.0181,39.26,33.74,13.9234,8.6763,11.1403,3.1332,0.0596,1.9022
2,1,OUT,0,4,Top,49.2795,22.6749,28.0456,39.26,35.90,17.6913,8.1403,10.0684,3.1704,0.0581,1.8326
2,1,OUT,0,5,Top,44.6258,23.8909,31.4833,39.26,31.98,14.2713,7.6403,10.0684,3.1864,0.0553,1.7355
2,1,OUT,0,1,Bot,48.7262,22.2184,29.0554,117.81,115.30,56.1814,25.6178,33.5008,3.1412,0.0620,1.9738
2,1,OUT,0,2,Bot,51.0010,21.0190,27.9800,117.81,127.20,64.8732,26.7362,35.5906,3.1268,0.0685,2.1907
2,1,OUT,0,3,Bot,42.0372,28.0237,29.9391,117.81,129.00,54.2280,36.1506,38.6215,3.1228,0.0680,2.1775
2,1,OUT,0,4,Bot,42.7462,26.2386,31.0152,117.81,137.10,58.6051,35.9731,42.5218,3.2687,0.0651,1.9916
2,1,OUT,0,5,Bot,44.8919,28.1243,26.9838,117.81,127.50,57.2372,35.8585,34.4044,3.1680,0.0742,2.3422
2,1,OUT,12,1,Top,35.2725,29.1493,35.5781,39.26,31.11,10.9733,9.0684,11.0684,3.1765,0.0722,2.2729
2,1,OUT,12,2,Top,41.2027,26.8573,31.9399,39.26,39.35,16.2133,10.5684,12.5684,3.1967,0.0761,2.3806
2,1,OUT,12,3,Top,40.7538,28.9386,30.3077,39.26,36.52,14.8833,10.5684,11.0684,3.1357,0.0769,2.4524
2,1,OUT,12,4,Top,42.6599,28.6700,28.6700,39.26,40.35,17.2133,11.5684,11.5684,3.2017,0.0690,2.1551
2,1,OUT,12,5,Top,48.6715,24.0770,27.2514,39.26,46.12,22.4473,11.1043,12.5684,3.1597,0.0746,2.3610
2,1,OUT,12,1,Bot,34.8303,32.1584,33.0113,117.81,106.3,37.0246,34.1844,35.0910,3.2142,0.0785,2.4423
2,1,OUT,12,2,Bot,38.7297,30.0646,31.2057,117.81,114,44.1519,34.2736,35.5745,3.1780,0.0802,2.5236
2,1,OUT,12,3,Bot,47.0066,22.0324,30.9610,117.81,117.40,55.1858,25.8660,36.3482,3.1445,0.0717,2.2802
2,1,OUT,12,4,Bot,41.6605,27.2490,31.0905,117.81,112.90,47.0347,30.7641,35.1012,3.2012,0.0827,2.5834
2,1,OUT,12,5,Bot,35.7472,30.1359,34.1168,117.81,95.90,34.2816,28.9004,32.7180,3.2179,0.0771,2.3960
2,1,OUT,19,1,Top,34.8491,34.3855,30.7654,39.26,34.48,12.0160,11.8561,10.6079,3.1853,0.0638,2.0030
2,1,OUT,19,2,Top,32.9737,32.9938,34.0324,39.26,31.17,10.2779,10.2842,10.6079,3.1761,0.0737,2.3205
2,1,OUT,19,3,Top,41.9074,26.6405,31.4521,39.26,35.66,14.9442,9.5000,11.2158,3.0903,0.0707,2.2878
2,1,OUT,19,4,Top,54.3425,21.0310,24.6266,39.26,47.72,25.9322,10.0360,11.7518,3.1244,0.0495,1.5843
2,1,OUT,19,5,Top,32.2801,30.9239,36.7960,39.26,29.22,9.4322,9.0360,10.7518,3.1522,0.0568,1.8019
2,1,OUT,19,1,Bot,39.0063,27.8330,33.1607,117.81,108.00,42.1268,30.0596,35.8136,3.2279,0.0676,2.0942
2,1,OUT,19,2,Bot,40.8532,28.8243,30.3225,117.81,117.30,47.9208,33.8109,35.5683,3.1761,0.0641,2.0182
2,1,OUT,19,3,Bot,40.3088,28.6788,31.0124,117.81,120.40,48.5318,34.5293,37.3389,3.2483,0.0673,2.0719
2,1,OUT,19,4,Bot,43.1178,24.8139,32.0683,117.81,103.30,44.5407,25.6328,33.1266,3.1364,0.0661,2.1075
2,1,OUT,19,5,Bot,41.4069,27.6680,30.9251,117.81,118.10,48.9015,32.6759,36.5226,3.1046,0.0707,2.2773
2,1,OUT,27,1,Top,38.5455,28.8144,32.6401,39.26,32.72,12.6121,9.4281,10.6799,3.1466,0.0790,2.5106
2,1,OUT,27,2,Top,50.6847,23.7145,25.6008,39.26,43.67,22.1340,10.3561,11.1799,3.1103,0.0570,1.8326
2,1,OUT,27,3,Top,70.6616,12.8147,16.5237,39.26,46.26,32.6881,5.9281,7.6439,3.1629,0.0456,1.4417
2,1,OUT,27,4,Top,46.6217,26.4282,26.9501,39.26,41.35,19.2781,10.9281,11.1439,3.1941,0.0794,2.4858
2,1,OUT,27,5,Top,34.2562,29.9901,35.7537,39.26,29.77,10.1981,8.9281,10.6439,3.2001,0.0824,2.5749
2,1,OUT,27,1,Bot,40.1793,27.6680,32.1527,117.81,111.10,44.6392,30.7391,35.7217,3.3266,0.0961,2.8888
2,1,OUT,27,2,Bot,40.1316,26.6934,33.1750,117.81,119.90,48.1178,32.0054,39.7768,3.1231,0.0662,2.1197
2,1,OUT,27,3,Bot,61.9516,14.8627,23.1857,117.81,126.70,78.4927,18.8310,29.3763,3.2665,0.0890,2.7246
2,1,OUT,27,4,Bot,38.6103,28.5489,32.8408,117.81,114.60,44.2474,32.7171,37.6356,3.1566,0.0909,2.8797
2,1,OUT,27,5,Bot,41.0529,24.7548,34.1923,117.81,113.00,46.3898,27.9729,38.6373,3.1969,0.0953,2.9810
2,2,IN,0,1,Top,44.8460,25.3706,29.7834,39.26,35.46,15.9024,8.9964,10.5612,3.1173,0.0588,1.8862
2,2,IN,0,2,Top,49.6293,22.6830,27.6877,39.26,39.82,19.7624,9.0324,11.0252,3.1316,0.0680,2.1714
2,2,IN,0,3,Top,47.7710,22.3300,29.8990,39.26,33.41,15.9603,7.4605,9.9893,3.1226,0.0749,2.3986
2,2,IN,0,4,Top,48.0476,25.9387,26.0137,39.26,38.40,18.4503,9.9605,9.9893,3.1708,0.0706,2.2266
2,2,IN,0,5,Top,53.4861,21.9239,24.5899,39.26,38.59,20.6403,8.4605,9.4893,3.1261,0.0741,2.3704
2,2,IN,0,1,Bot,46.4403,23.7303,29.8294,117.81,122.90,57.0752,29.1645,36.6603,3.2132,0.0713,2.2190
2,2,IN,0,2,Bot,45.4561,25.7868,28.7570,117.81,115.60,52.5473,29.8096,33.2431,3.1761,0.0850,2.6762
2,2,IN,0,3,Bot,60.8011,16.5421,22.6568,117.81,127.80,77.7038,21.1408,28.9554,3.1972,0.0715,2.2363
2,2,IN,0,4,Bot,46.5013,22.6682,30.8305,117.81,109.50,50.9189,24.8217,33.7594,3.1563,0.0800,2.5346
2,2,IN,0,5,Bot,54.5354,23.6973,21.7673,117.81,134.00,73.0775,31.7544,29.1681,3.1119,0.0767,2.4647
2,2,IN,12,1,Top,41.8853,25.7842,32.3305,39.26,38.63,16.1803,9.9605,12.4893,3.1039,0.0672,2.1650
2,2,IN,12,2,Top,34.1777,30.3736,35.4487,39.26,37.85,12.9363,11.4964,13.4173,3.1010,0.0596,1.9220
2,2,IN,12,3,Top,47.6109,23.6084,28.7807,39.26,39.92,19.0063,9.4245,11.4893,3.1542,0.0720,2.2827
2,2,IN,12,4,Top,46.3644,28.9009,24.7347,39.26,46.45,21.5363,13.4245,11.4893,3.2064,0.0653,2.0366
2,2,IN,12,5,Top,48.1177,22.1396,29.7426,39.26,40.31,19.3963,8.9245,11.9893,3.1082,0.0595,1.9143
2,2,IN,12,1,Bot,46.6765,23.6653,29.6582,117.81,125.90,58.7657,29.7946,37.3397,3.1401,0.0657,2.0923
2,2,IN,12,2,Bot,47.4892,26.7231,25.7877,117.81,126.10,59.8838,33.6979,32.5183,3.1520,0.0696,2.2081
2,2,IN,12,3,Bot,41.5315,25.7712,32.6973,117.81,109.70,45.5600,28.2710,35.8690,3.2132,0.0760,2.3652
2,2,IN,12,4,Bot,40.3035,26.8297,32.8668,117.81,106.20,42.8024,28.4931,34.9045,3.1908,0.0660,2.0684
2,2,IN,12,5,Bot,42.5541,22.7562,34.6897,117.81,119.10,50.6820,27.1026,41.3154,3.1353,0.0640,2.0413
2,2,IN,19,1,Top,59.2367,21.0163,19.7470,39.26,45.34,26.8579,9.5288,8.9533,3.1499,0.0476,1.5112
2,2,IN,19,2,Top,46.9515,25.7086,27.3399,39.26,34.84,16.3579,8.9569,9.5252,3.1347,0.0600,1.9141
2,2,IN,19,3,Top,60.0387,21.6418,18.3195,39.26,46.34,27.8219,10.0288,8.4893,3.1271,0.0630,2.0146
2,2,IN,19,4,Top,50.1094,25.5340,24.3566,39.26,42.77,21.4318,10.9209,10.4173,3.0940,0.0614,1.9845
2,2,IN,19,5,Top,51.2748,27.4001,21.3251,39.26,48.85,25.0478,13.3849,10.4173,3.1468,0.0547,1.7383
2,2,IN,19,1,Bot,48.5091,26.7798,24.7111,117.81,123.50,59.9087,33.0731,30.5182,3.1136,0.0524,1.6829
2,2,IN,19,2,Bot,47.4585,26.8096,25.7318,117.81,118.00,56.0011,31.6354,30.3635,3.1172,0.0665,2.1333
2,2,IN,19,3,Bot,42.2186,30.3750,27.4064,117.81,113.70,48.0025,34.5364,31.1611,3.1508,0.0737,2.3391
2,2,IN,19,4,Bot,53.8295,22.6291,23.5414,117.81,126.00,67.8252,28.5126,29.6622,3.1143,0.0468,1.5027
2,2,IN,19,5,Bot,40.9495,30.6607,28.3898,117.81,110.80,45.3720,33.9720,31.4559,3.1464,0.0665,2.1135
2,2,IN,27,1,Top,44.5972,28.3750,27.0278,39.26,34.71,15.4797,9.8490,9.3814,3.1296,0.0742,2.3709
2,2,IN,27,2,Top,43.9300,25.7758,30.2942,39.26,30.73,13.4997,7.9209,9.3094,3.1701,0.0704,2.2208
2,2,IN,27,3,Top,47.9385,28.9928,23.0687,39.26,44.69,21.4237,12.9569,10.3094,3.0780,0.0614,1.9948
2,2,IN,27,4,Top,45.6792,27.4414,26.8794,39.26,32.64,14.9097,8.9569,8.7734,3.0935,0.0488,1.5775
2,2,IN,27,5,Top,45.4469,27.4909,27.0622,39.26,34.40,15.6337,9.4569,9.3094,3.1080,0.0594,1.9112
2,2,IN,27,1,Bot,49.4056,26.9084,23.6860,117.81,117.40,58.0022,31.5904,27.8074,3.1691,0.0835,2.6348
2,2,IN,27,2,Bot,47.1585,28.3224,24.5192,117.81,122.00,57.5333,34.5533,29.9134,3.1492,0.0820,2.6038
2,2,IN,27,3,Bot,51.7673,20.7231,27.5096,117.81,126.10,65.2786,26.1318,34.6896,3.0848,0.0740,2.3989
2,2,IN,27,4,Bot,55.5016,24.9578,19.5407,117.81,141.60,78.5902,35.3402,27.6696,3.1597,0.0714,2.2597
2,2,IN,27,5,Bot,48.5401,24.8857,26.5742,117.81,125.70,61.0149,31.2813,33.4038,3.0841,0.0678,2.1984
2,2,OUT,0,1,Top,42.2508,30.0190,27.7303,39.26,40.55,17.1327,12.1727,11.2446,3.0939,0.0742,2.3983
2,2,OUT,0,2,Top,45.1297,23.9052,30.9651,39.26,36.43,16.4407,8.7087,11.2806,3.0831,0.0772,2.5040
2,2,OUT,0,3,Top,57.1021,21.9721,20.9258,39.26,44.35,25.3248,9.7446,9.2806,3.1351,0.0540,1.7224
2,2,OUT,0,4,Top,43.3647,25.3786,31.2567,39.26,35.86,15.5506,9.1007,11.2087,3.1174,0.0723,2.3192
2,2,OUT,0,5,Top,35.4848,27.1858,37.3294,39.26,29.93,10.6206,8.1367,11.1727,3.1284,0.0784,2.5061
2,2,OUT,0,1,Bot,46.1281,23.9809,29.8910,117.81,128.20,59.1362,30.7435,38.3203,3.1516,0.0913,2.8969
2,2,OUT,0,2,Bot,45.5228,27.2745,27.2027,117.81,121.60,55.3557,33.1658,33.0785,3.1033,0.0886,2.8550
2,2,OUT,0,3,Bot,51.4395,22.3186,26.2419,117.81,122.70,63.1162,27.3849,32.1989,3.1174,0.0822,2.6368
2,2,OUT,0,4,Bot,43.7971,24.1665,32.0364,117.81,117.70,51.5492,28.4440,37.7068,3.1187,0.0631,2.0233
2,2,OUT,0,5,Bot,38.8945,28.1806,32.9249,117.81,115.30,44.8453,32.4922,37.9624,3.1341,0.0807,2.5749
2,2,OUT,12,1,Top,36.6630,28.5005,34.8365,39.26,30.43,11.1566,8.6727,10.6008,3.1230,0.0634,2.0301
2,2,OUT,12,2,Top,42.9424,21.4212,35.6364,39.26,31.15,13.3766,6.6727,11.1008,3.1049,0.0660,2.1257
2,2,OUT,12,3,Top,48.8654,21.0642,30.0704,39.26,33.71,16.4725,7.1008,10.1367,3.1223,0.0655,2.0978
2,2,OUT,12,4,Top,43.5954,26.7390,29.6656,39.26,34.17,14.8966,9.1367,10.1367,3.0928,0.0776,2.5091
2,2,OUT,12,5,Top,43.6066,27.0060,29.3874,39.26,35.95,15.6766,9.7087,10.5648,3.0965,0.0768,2.4802
2,2,OUT,12,1,Bot,43.0644,27.0922,29.8434,117.81,127.20,54.7779,34.4613,37.9608,3.1691,0.0728,2.2972
2,2,OUT,12,2,Bot,39.6952,29.3017,31.0031,117.81,121.50,48.2297,35.6016,37.6687,3.0575,0.0800,2.6165
2,2,OUT,12,3,Bot,38.8595,28.1638,32.9767,117.81,122.10,47.4475,34.3881,40.2645,3.0854,0.0616,1.9965
2,2,OUT,12,4,Bot,44.6469,26.3661,28.9870,117.81,135.10,60.3180,35.6206,39.1614,3.0591,0.0721,2.3569
2,2,OUT,12,5,Bot,48.2171,22.5387,29.2442,117.81,128.10,61.7662,28.8720,37.4618,3.1248,0.0566,1.8113
2,2,OUT,19,1,Top,45.3295,26.3591,28.3113,39.26,36.30,16.4546,9.5684,10.2770,3.0649,0.0902,2.9430
2,2,OUT,19,2,Top,42.3358,23.4985,34.1656,39.26,30.08,12.7346,7.0684,10.2770,3.0742,0.0720,2.3421
2,2,OUT,19,3,Top,51.0559,19.4745,29.4696,39.26,46.75,23.8687,9.1043,13.7770,3.0935,0.0767,2.4794
2,2,OUT,19,4,Top,41.7578,34.5018,23.7404,39.26,40.88,17.0706,14.1043,9.7051,3.0521,0.0702,2.3001
2,2,OUT,19,5,Top,44.3607,24.6316,31.0077,39.26,34.64,15.3666,8.5324,10.7411,3.0504,0.0783,2.5669
2,2,OUT,19,1,Bot,42.8158,24.9471,32.2371,117.81,125.60,53.7766,31.3336,40.4898,3.0713,0.0783,2.5494
2,2,OUT,19,2,Bot,43.5660,27.0826,29.3515,117.81,124.40,54.1961,33.6907,36.5132,3.1506,0.0962,3.0534
2,2,OUT,19,3,Bot,39.8262,26.8980,33.2758,117.81,108.50,43.2114,29.1843,36.1042,3.1223,0.0823,2.6359
2,2,OUT,19,4,Bot,45.9574,24.8659,29.1767,117.81,117.30,53.9080,29.1676,34.2243,3.0728,0.0962,3.1307
2,2,OUT,19,5,Bot,44.0621,27.6554,28.2825,117.81,119.40,52.6101,33.0206,33.7693,3.1024,0.0802,2.5851
2,2,OUT,27,1,Top,41.2272,25.1302,33.6426,39.26,31.82,13.1185,7.9964,10.7051,3.0631,0.0445,1.4528
2,2,OUT,27,2,Top,48.7957,20.0489,31.1554,39.26,37.57,18.3325,7.5324,11.7051,3.1455,0.0561,1.7835
2,2,OUT,27,3,Top,49.4354,21.2909,29.2737,39.26,33.03,16.3285,7.0324,9.6691,3.0941,0.0650,2.1008
2,2,OUT,27,4,Top,46.5206,18.1754,35.3040,39.26,27.49,12.7885,4.9964,9.7051,3.1231,0.0716,2.2926
2,2,OUT,27,5,Top,39.4477,25.1697,35.3826,39.26,31.77,12.5325,7.9964,11.2411,3.0970,0.0655,2.1149
2,2,OUT,27,1,Bot,49.7262,20.9092,29.3646,117.81,140.10,69.6663,29.2938,41.1399,3.0673,0.0667,2.1746
2,2,OUT,27,2,Bot,43.0905,22.8093,34.1002,117.81,109.80,47.3134,25.0446,37.4420,3.0671,0.0622,2.0280
2,2,OUT,27,3,Bot,42.8304,25.8939,31.2757,117.81,107.80,46.1712,27.9136,33.7152,3.1366,0.0745,2.3752
2,2,OUT,27,4,Bot,45.8645,21.8984,32.2371,117.81,124.20,56.9638,27.1978,40.0385,3.1305,0.0671,2.1434
2,2,OUT,27,5,Bot,45.4793,24.0934,30.4273,117.81,126.10,57.3494,30.3817,38.3689,3.0763,0.0677,2.2007
2,3,IN,0,1,Top,35.8348,34.7499,29.4153,39.26,28.86,10.3419,10.0288,8.4893,3.0611,0.0709,2.3162
2,3,IN,0,2,Top,43.2263,26.9333,29.8404,39.26,31.80,13.7460,8.5648,9.4893,3.0776,0.0729,2.3687
2,3,IN,0,3,Top,38.8644,27.1335,34.0020,39.26,29.59,11.5000,8.0288,10.0612,3.0876,0.0724,2.3449
2,3,IN,0,4,Top,39.0625,28.8030,32.1345,39.26,27.75,10.8398,7.9928,8.9173,3.0719,0.0645,2.0997
2,3,IN,0,5,Top,59.1006,20.4532,20.4462,39.26,50.95,30.1118,10.4209,10.4173,3.0309,0.0457,1.5078
2,3,IN,0,1,Bot,50.6562,21.7355,27.6083,117.81,116.80,59.1665,25.3871,32.2464,3.0562,0.0787,2.5751
2,3,IN,0,2,Bot,49.0465,25.5157,25.4378,117.81,105.60,51.7931,26.9446,26.8623,3.0870,0.0757,2.4522
2,3,IN,0,3,Bot,43.2207,27.4796,29.2998,117.81,114.60,49.5309,31.4916,33.5775,3.0355,0.0761,2.5070
2,3,IN,0,4,Bot,42.4157,27.7973,29.7870,117.81,106.30,45.0879,29.5486,31.6636,3.0462,0.0651,2.1371
2,3,IN,0,5,Bot,55.6429,21.7571,22.6000,117.81,119.90,66.7159,26.0867,27.0974,3.0675,0.0626,2.0407
2,3,IN,12,1,Top,49.3972,22.9647,27.6381,39.26,41.18,20.3418,9.4569,11.3814,3.0648,0.0724,2.3623
2,3,IN,12,2,Top,53.2667,21.8193,24.9140,39.26,41.38,22.0418,9.0288,10.3094,3.0672,0.0736,2.3996
2,3,IN,12,3,Top,47.9676,23.0255,29.0069,39.26,30.37,14.5678,6.9928,8.8094,3.0891,0.0768,2.4862
2,3,IN,12,4,Top,47.9318,24.0531,28.0151,39.26,33.23,15.9278,7.9928,9.3094,3.1012,0.0719,2.3185
2,3,IN,12,5,Top,48.1616,24.7562,27.0821,39.26,38.20,18.3978,9.4569,10.3454,3.0660,0.0640,2.0874
2,3,IN,12,1,Bot,46.5054,23.9761,29.5185,117.81,127.20,59.1549,30.4976,37.5475,3.1146,0.0793,2.5461
2,3,IN,12,2,Bot,38.5344,28.8530,32.6127,117.81,116.20,44.7769,33.5271,37.8959,3.0503,0.0838,2.7473
2,3,IN,12,3,Bot,44.3184,26.0264,29.6552,117.81,101.10,44.8059,26.3127,29.9814,3.0561,0.0748,2.4476
2,3,IN,12,4,Bot,52.4690,21.9626,25.5684,117.81,134.20,70.4134,29.4739,34.3128,3.0525,0.0945,3.0958
2,3,IN,12,5,Bot,40.0957,28.1015,31.8028,117.81,105.10,42.1406,29.5346,33.4248,3.0699,0.0810,2.6385
2,3,IN,19,1,Top,43.0903,30.8839,26.0259,39.26,36.06,15.5384,11.1367,9.3849,3.1150,0.0601,1.9294
2,3,IN,19,2,Top,41.9895,26.4492,31.5613,39.26,32.79,13.7684,8.6727,10.3490,3.1179,0.0729,2.3381
2,3,IN,19,3,Top,29.2564,32.0501,38.6935,39.26,33.30,9.7424,10.6727,12.8849,3.0559,0.0628,2.0550
2,3,IN,19,4,Top,41.4824,27.4182,31.0995,39.26,32.93,13.6601,9.0288,10.2411,3.0478,0.0535,1.7554
2,3,IN,19,5,Top,47.7503,25.1854,27.0643,39.26,39.82,19.0142,10.0288,10.7770,3.1386,0.0732,2.3323
2,3,IN,19,1,Bot,38.5377,29.0251,32.4373,117.81,106.30,40.9655,30.8536,34.4808,3.1318,0.0683,2.1809
2,3,IN,19,2,Bot,43.8020,27.8520,28.3460,117.81,125.30,54.8839,34.8985,35.5176,3.0762,0.0741,2.4088
2,3,IN,19,3,Bot,36.5998,33.0568,30.3434,117.81,114.80,42.0165,37.9492,34.8342,3.0696,0.0867,2.8245
2,3,IN,19,4,Bot,48.9508,23.7906,27.2586,117.81,130.90,64.0766,31.1419,35.6815,3.0666,0.0621,2.0250
2,3,IN,19,5,Bot,43.9739,27.7307,28.2954,117.81,110.20,48.4593,30.5593,31.1815,3.1058,0.0760,2.4470
2,3,IN,27,1,Top,38.5587,31.1870,30.2544,39.26,38.57,14.8721,12.0288,11.6691,3.0906,0.0707,2.2876
2,3,IN,27,2,Top,49.6840,24.9182,25.3978,39.26,44.26,21.9901,11.0288,11.2411,3.0537,0.0839,2.7475
2,3,IN,27,3,Top,45.5520,28.8249,25.6231,39.26,43.59,19.8561,12.5648,11.1691,3.1087,0.0685,2.2035
2,3,IN,27,4,Top,43.9030,29.0851,27.0118,39.26,43.20,18.9661,12.5648,11.6691,3.0435,0.0691,2.2704
2,3,IN,27,5,Top,40.3652,26.6690,32.9658,39.26,33.99,13.7201,9.0648,11.2051,3.0722,0.0627,2.0409
2,3,IN,27,1,Bot,44.8297,27.0570,28.1133,117.81,121.20,54.3336,32.7931,34.0733,3.0464,0.0959,3.1480
2,3,IN,27,2,Bot,47.6306,23.9856,28.3837,117.81,118.20,56.2994,28.3510,33.5496,3.0789,0.0895,2.9069
2,3,IN,27,3,Bot,40.3760,30.0995,29.5245,117.81,104.50,42.1929,31.4539,30.8531,3.0350,0.0839,2.7644
2,3,IN,27,4,Bot,41.8859,23.9666,34.1475,117.81,112.70,47.2054,27.0104,38.4842,2.5854,0.0841,3.2529
2,3,IN,27,5,Bot,47.1846,25.8140,27.0015,117.81,135.30,63.8407,34.9263,36.5330,3.0516,0.1061,3.4769
2,3,OUT,0,1,Top,52.2062,24.7602,23.0336,39.26,43.54,22.7306,10.7806,10.0288,3.0399,0.0591,1.9441
2,3,OUT,0,2,Top,43.5600,26.4297,30.0103,39.26,36.87,16.0606,9.7446,11.0648,3.0648,0.0594,1.9381
2,3,OUT,0,3,Top,43.8487,25.6775,30.4737,39.26,37.95,16.6406,9.7446,11.5648,3.0232,0.0761,2.5172
2,3,OUT,0,4,Top,47.5411,25.9290,26.5300,39.26,41.30,19.6345,10.7087,10.9569,3.0840,0.0658,2.1336
2,3,OUT,0,5,Top,56.4420,21.9016,21.6564,39.26,44.00,24.8345,9.6367,9.5288,3.0651,0.0738,2.4078
2,3,OUT,0,1,Bot,44.3318,26.1442,29.5240,117.81,117.90,52.2672,30.8240,34.8088,3.1083,0.0811,2.6091
2,3,OUT,0,2,Bot,40.1122,32.1461,27.7417,117.81,98.40,39.4704,31.6317,27.2979,3.1060,0.0863,2.7785
2,3,OUT,0,3,Bot,44.2046,28.0046,27.7908,117.81,119.60,52.8687,33.4935,33.2378,3.0703,0.0661,2.1529
2,3,OUT,0,4,Bot,46.8708,25.3211,27.8081,117.81,118.40,55.4951,29.9802,32.9248,3.0920,0.0601,1.9437
2,3,OUT,0,5,Bot,45.9392,28.1328,25.9280,117.81,120.30,55.2649,33.8437,31.1914,3.0207,0.0810,2.6815
2,3,OUT,12,1,Top,38.1636,28.6660,33.1704,39.26,28.51,10.8804,8.1727,9.4569,3.0394,0.0635,2.0892
2,3,OUT,12,2,Top,39.2904,29.1843,31.5253,39.26,36.57,14.3685,10.6727,11.5288,3.1409,0.0770,2.4515
2,3,OUT,12,3,Top,44.1577,26.5082,29.3341,39.26,44.17,19.5045,11.7087,12.9569,3.0566,0.0682,2.2312
2,3,OUT,12,4,Top,48.1547,25.6113,26.2340,39.26,39.86,19.1945,10.2087,10.4569,3.0501,0.0608,1.9934
2,3,OUT,12,5,Top,38.3832,27.0130,34.6038,39.26,28.67,11.0045,7.7446,9.9209,3.0634,0.0674,2.2002
2,3,OUT,12,1,Bot,46.7355,24.4258,28.8388,117.81,134.40,62.8125,32.8282,38.7593,3.0435,0.0736,2.4183
2,3,OUT,12,2,Bot,39.5855,28.4608,31.9537,117.81,113.50,44.9295,32.3030,36.2675,3.0594,0.0752,2.4580
2,3,OUT,12,3,Bot,44.8120,26.3522,28.8357,117.81,110.30,49.4277,29.0665,31.8058,3.0581,0.0848,2.7730
2,3,OUT,12,4,Bot,40.3129,26.2152,33.4719,117.81,108.50,43.7395,28.4434,36.3170,3.0762,0.0598,1.9440
2,3,OUT,12,5,Bot,40.7384,30.3799,28.8817,117.81,102.00,41.5532,30.9875,29.4593,3.0645,0.0792,2.5844
2,3,OUT,19,1,Top,54.0863,25.5497,20.3640,39.26,50.29,27.2000,12.8490,10.2411,3.0486,0.0772,2.5323
2,3,OUT,19,2,Top,47.2112,28.5380,24.2508,39.26,46.65,22.0240,13.3130,11.3130,3.0941,0.0674,2.1783
2,3,OUT,19,3,Top,43.3654,29.6432,26.9914,39.26,41.78,18.1181,12.3849,11.2770,2.0539,0.0546,2.6584
2,3,OUT,19,4,Top,49.3869,27.2652,23.3479,39.26,48.30,23.8539,13.1691,11.2770,3.0595,0.0677,2.2128
2,3,OUT,19,5,Top,43.1488,27.0979,29.7533,39.26,37.66,16.2498,10.2051,11.2051,3.0406,0.0581,1.9108
2,3,OUT,19,1,Bot,41.3556,28.4686,30.1758,117.81,103.80,42.9271,29.5504,31.3224,3.0886,0.0896,2.9010
2,3,OUT,19,2,Bot,40.5365,31.2943,28.1692,117.81,105.30,42.6849,32.9529,29.6622,3.0803,0.0913,2.9640
2,3,OUT,19,3,Bot,36.6862,32.2243,31.0895,117.81,79.10,29.0188,25.4894,24.5918,3.0454,0.0931,3.0571
2,3,OUT,19,4,Bot,50.4275,25.4985,24.0740,117.81,123.40,62.2276,31.4651,29.7073,3.0681,0.0970,3.1616
2,3,OUT,19,5,Bot,40.6309,31.3160,28.0531,117.81,109.90,44.6533,34.4163,30.8303,3.0562,0.0872,2.8532
2,3,OUT,27,1,Top,51.8239,23.6952,24.4809,39.26,45.33,23.4918,10.7411,11.0972,3.0512,0.0724,2.3728
2,3,OUT,27,2,Top,52.2521,21.8845,25.8634,39.26,44.84,23.4298,9.8130,11.5972,3.1075,0.0700,2.2526
2,3,OUT,27,3,Top,52.3227,24.6240,23.0532,39.26,50.15,26.2398,12.3490,11.5612,3.0601,0.0683,2.2320
2,3,OUT,27,4,Top,46.8517,26.8493,26.2991,39.26,32.69,15.3158,8.7770,8.5972,3.0588,0.0710,2.3212
2,3,OUT,27,5,Top,45.4882,23.9636,30.5482,39.26,34.69,15.7798,8.3130,10.5972,3.0555,0.0876,2.8670
2,3,OUT,27,1,Bot,37.3708,32.5612,30.0681,117.81,105.00,39.2393,34.1892,31.5715,3.0531,0.0767,2.5122
2,3,OUT,27,2,Bot,45.8481,27.2886,26.8633,117.81,105.30,48.2780,28.7349,28.2871,3.0840,0.0712,2.3087
2,3,OUT,27,3,Bot,41.3642,26.5492,32.0866,117.81,118.20,48.8924,31.3812,37.9264,3.0494,0.0721,2.3644
2,3,OUT,27,4,Bot,54.3202,21.6728,24.0071,117.81,135.30,73.4952,29.3232,32.4816,3.0378,0.0721,2.3734
2,3,OUT,27,5,Bot,42.4359,25.6471,31.9169,117.81,121.40,51.5172,31.1356,38.7471,3.0584,0.1020,3.3351